<?xml version="1.0" encoding="UTF-8"?>
<GenRun Id="impl_1" LaunchPart="xc7a35tcpg236-1" LaunchTime="1771771226">
  <File Type="BITSTR-BMM" Name="akerkevar1_bd.bmm"/>
  <File Type="OPT-METHODOLOGY-DRC" Name="akerkevar1_methodology_drc_opted.rpt"/>
  <File Type="INIT-TIMING" Name="akerkevar1_timing_summary_init.rpt"/>
  <File Type="ROUTE-PWR" Name="akerkevar1_power_routed.rpt"/>
  <File Type="PA-TCL" Name="akerkevar1.tcl"/>
  <File Type="OPT-TIMING" Name="akerkevar1_timing_summary_opted.rpt"/>
  <File Type="OPT-DCP" Name="akerkevar1_opt.dcp"/>
  <File Type="ROUTE-PWR-SUM" Name="akerkevar1_power_summary_routed.pb"/>
  <File Type="REPORTS-TCL" Name="akerkevar1_reports.tcl"/>
  <File Type="OPT-DRC" Name="akerkevar1_drc_opted.rpt"/>
  <File Type="OPT-HWDEF" Name="akerkevar1.hwdef"/>
  <File Type="PWROPT-DCP" Name="akerkevar1_pwropt.dcp"/>
  <File Type="PWROPT-DRC" Name="akerkevar1_drc_pwropted.rpt"/>
  <File Type="PWROPT-TIMING" Name="akerkevar1_timing_summary_pwropted.rpt"/>
  <File Type="PLACE-DCP" Name="akerkevar1_placed.dcp"/>
  <File Type="PLACE-IO" Name="akerkevar1_io_placed.rpt"/>
  <File Type="PLACE-CLK" Name="akerkevar1_clock_utilization_placed.rpt"/>
  <File Type="PLACE-UTIL" Name="akerkevar1_utilization_placed.rpt"/>
  <File Type="PLACE-UTIL-PB" Name="akerkevar1_utilization_placed.pb"/>
  <File Type="PLACE-CTRL" Name="akerkevar1_control_sets_placed.rpt"/>
  <File Type="PLACE-SIMILARITY" Name="akerkevar1_incremental_reuse_placed.rpt"/>
  <File Type="PLACE-PRE-SIMILARITY" Name="akerkevar1_incremental_reuse_pre_placed.rpt"/>
  <File Type="BG-BGN" Name="akerkevar1.bgn"/>
  <File Type="PLACE-TIMING" Name="akerkevar1_timing_summary_placed.rpt"/>
  <File Type="POSTPLACE-PWROPT-DCP" Name="akerkevar1_postplace_pwropt.dcp"/>
  <File Type="BG-BIN" Name="akerkevar1.bin"/>
  <File Type="POSTPLACE-PWROPT-TIMING" Name="akerkevar1_timing_summary_postplace_pwropted.rpt"/>
  <File Type="PHYSOPT-DCP" Name="akerkevar1_physopt.dcp"/>
  <File Type="PHYSOPT-DRC" Name="akerkevar1_drc_physopted.rpt"/>
  <File Type="BITSTR-MSK" Name="akerkevar1.msk"/>
  <File Type="PHYSOPT-TIMING" Name="akerkevar1_timing_summary_physopted.rpt"/>
  <File Type="ROUTE-ERROR-DCP" Name="akerkevar1_routed_error.dcp"/>
  <File Type="ROUTE-DCP" Name="akerkevar1_routed.dcp"/>
  <File Type="ROUTE-BLACKBOX-DCP" Name="akerkevar1_routed_bb.dcp"/>
  <File Type="ROUTE-DRC" Name="akerkevar1_drc_routed.rpt"/>
  <File Type="ROUTE-DRC-PB" Name="akerkevar1_drc_routed.pb"/>
  <File Type="BITSTR-LTX" Name="debug_nets.ltx"/>
  <File Type="BITSTR-LTX" Name="akerkevar1.ltx"/>
  <File Type="ROUTE-DRC-RPX" Name="akerkevar1_drc_routed.rpx"/>
  <File Type="BITSTR-MMI" Name="akerkevar1.mmi"/>
  <File Type="ROUTE-METHODOLOGY-DRC" Name="akerkevar1_methodology_drc_routed.rpt"/>
  <File Type="ROUTE-METHODOLOGY-DRC-RPX" Name="akerkevar1_methodology_drc_routed.rpx"/>
  <File Type="BITSTR-SYSDEF" Name="akerkevar1.sysdef"/>
  <File Type="ROUTE-METHODOLOGY-DRC-PB" Name="akerkevar1_methodology_drc_routed.pb"/>
  <File Type="ROUTE-PWR-RPX" Name="akerkevar1_power_routed.rpx"/>
  <File Type="ROUTE-STATUS" Name="akerkevar1_route_status.rpt"/>
  <File Type="ROUTE-STATUS-PB" Name="akerkevar1_route_status.pb"/>
  <File Type="ROUTE-TIMINGSUMMARY" Name="akerkevar1_timing_summary_routed.rpt"/>
  <File Type="ROUTE-TIMING-PB" Name="akerkevar1_timing_summary_routed.pb"/>
  <File Type="ROUTE-TIMING-RPX" Name="akerkevar1_timing_summary_routed.rpx"/>
  <File Type="ROUTE-SIMILARITY" Name="akerkevar1_incremental_reuse_routed.rpt"/>
  <File Type="ROUTE-CLK" Name="akerkevar1_clock_utilization_routed.rpt"/>
  <File Type="ROUTE-BUS-SKEW" Name="akerkevar1_bus_skew_routed.rpt"/>
  <File Type="ROUTE-BUS-SKEW-PB" Name="akerkevar1_bus_skew_routed.pb"/>
  <File Type="ROUTE-BUS-SKEW-RPX" Name="akerkevar1_bus_skew_routed.rpx"/>
  <File Type="POSTROUTE-PHYSOPT-DCP" Name="akerkevar1_postroute_physopt.dcp"/>
  <File Type="POSTROUTE-PHYSOPT-BLACKBOX-DCP" Name="akerkevar1_postroute_physopt_bb.dcp"/>
  <File Type="POSTROUTE-PHYSOPT-TIMING" Name="akerkevar1_timing_summary_postroute_physopted.rpt"/>
  <File Type="POSTROUTE-PHYSOPT-TIMING-PB" Name="akerkevar1_timing_summary_postroute_physopted.pb"/>
  <File Type="POSTROUTE-PHYSOPT-TIMING-RPX" Name="akerkevar1_timing_summary_postroute_physopted.rpx"/>
  <File Type="POSTROUTE-PHYSOPT-BUS-SKEW" Name="akerkevar1_bus_skew_postroute_physopted.rpt"/>
  <File Type="POSTROUTE-PHYSOPT-BUS-SKEW-PB" Name="akerkevar1_bus_skew_postroute_physopted.pb"/>
  <File Type="BG-BIT" Name="akerkevar1.bit"/>
  <File Type="POSTROUTE-PHYSOPT-BUS-SKEW-RPX" Name="akerkevar1_bus_skew_postroute_physopted.rpx"/>
  <File Type="BITSTR-RBT" Name="akerkevar1.rbt"/>
  <File Type="BITSTR-NKY" Name="akerkevar1.nky"/>
  <File Type="BG-DRC" Name="akerkevar1.drc"/>
  <File Type="RDI-RDI" Name="akerkevar1.vdi"/>
  <File Type="WBT-USG" Name="usage_statistics_webtalk.html"/>
  <FileSet Name="sources" Type="DesignSrcs" RelSrcDir="$PSRCDIR/sources_1">
    <Filter Type="Srcs"/>
    <File Path="$PSRCDIR/sources_1/new/GND.vhd">
      <FileInfo>
        <Attr Name="UsedIn" Val="synthesis"/>
        <Attr Name="UsedIn" Val="simulation"/>
      </FileInfo>
    </File>
    <File Path="$PSRCDIR/sources_1/new/NAO3.vhd">
      <FileInfo>
        <Attr Name="UsedIn" Val="synthesis"/>
        <Attr Name="UsedIn" Val="simulation"/>
      </FileInfo>
    </File>
    <File Path="$PSRCDIR/sources_1/new/NAOA2.vhd">
      <FileInfo>
        <Attr Name="UsedIn" Val="synthesis"/>
        <Attr Name="UsedIn" Val="simulation"/>
      </FileInfo>
    </File>
    <File Path="$PSRCDIR/sources_1/new/NEX2.vhd">
      <FileInfo>
        <Attr Name="UsedIn" Val="synthesis"/>
        <Attr Name="UsedIn" Val="simulation"/>
      </FileInfo>
    </File>
    <File Path="$PSRCDIR/sources_1/new/NMX2.vhd">
      <FileInfo>
        <Attr Name="UsedIn" Val="synthesis"/>
        <Attr Name="UsedIn" Val="simulation"/>
      </FileInfo>
    </File>
    <File Path="$PSRCDIR/sources_1/new/NO3.vhd">
      <FileInfo>
        <Attr Name="UsedIn" Val="synthesis"/>
        <Attr Name="UsedIn" Val="simulation"/>
      </FileInfo>
    </File>
    <File Path="$PSRCDIR/sources_1/new/NO3A2.vhd">
      <FileInfo>
        <Attr Name="UsedIn" Val="synthesis"/>
        <Attr Name="UsedIn" Val="simulation"/>
      </FileInfo>
    </File>
    <File Path="$PSRCDIR/sources_1/new/NOA2.vhd">
      <FileInfo>
        <Attr Name="UsedIn" Val="synthesis"/>
        <Attr Name="UsedIn" Val="simulation"/>
      </FileInfo>
    </File>
    <File Path="$PSRCDIR/sources_1/new/n.vhd">
      <FileInfo>
        <Attr Name="UsedIn" Val="synthesis"/>
        <Attr Name="UsedIn" Val="simulation"/>
      </FileInfo>
    </File>
    <File Path="$PSRCDIR/sources_1/new/akerkevar1.vhd">
      <FileInfo>
        <Attr Name="UsedIn" Val="synthesis"/>
        <Attr Name="UsedIn" Val="simulation"/>
      </FileInfo>
    </File>
    <Config>
      <Option Name="DesignMode" Val="RTL"/>
      <Option Name="TopModule" Val="akerkevar1"/>
    </Config>
  </FileSet>
  <FileSet Name="constrs_in" Type="Constrs" RelSrcDir="$PSRCDIR/constrs_1">
    <Filter Type="Constrs"/>
    <Config>
      <Option Name="ConstrsType" Val="XDC"/>
    </Config>
  </FileSet>
  <FileSet Name="utils" Type="Utils" RelSrcDir="$PSRCDIR/utils_1">
    <Filter Type="Utils"/>
    <Config>
      <Option Name="TopAutoSet" Val="TRUE"/>
    </Config>
  </FileSet>
  <Strategy Version="1" Minor="2">
    <StratHandle Name="Vivado Implementation Defaults" Flow="Vivado Implementation 2018"/>
    <Step Id="init_design"/>
    <Step Id="opt_design"/>
    <Step Id="power_opt_design"/>
    <Step Id="place_design"/>
    <Step Id="post_place_power_opt_design"/>
    <Step Id="phys_opt_design"/>
    <Step Id="route_design"/>
    <Step Id="post_route_phys_opt_design"/>
    <Step Id="write_bitstream"/>
  </Strategy>
</GenRun>
